FileName,type
2032645.jpg,5
370124.jpg,3
689207.jpg,3
50022.jpg,5
2464308.jpg,2
3039177.jpg,5
721053.jpg,3
2605475.jpg,4
1964783.jpg,2
1034399.jpg,1
968365.jpg,3
956509.jpg,5
99556.jpg,1
724709.jpg,4
640052.jpg,3
408666.jpg,2
2374771.jpg,1
3568980.jpg,5
917430.jpg,2
795452.jpg,4
742228.jpg,5
120691.jpg,3
356890.jpg,3
942743.jpg,3
3507248.jpg,5
3517946.jpg,3
335538.jpg,1
2107145.jpg,4
2200733.jpg,1
2437890.jpg,2
286992.jpg,4
127274.jpg,4
1219988.jpg,4
2619132.jpg,2
1834720.jpg,3
1056550.jpg,4
910021.jpg,2
2117032.jpg,3
1579622.jpg,1
2284086.jpg,3
521925.jpg,3
3816889.jpg,5
2652547.jpg,4
3074769.jpg,3
2783511.jpg,5
211120.jpg,2
3095479.jpg,5
2687000.jpg,2
2683612.jpg,3
1333012.jpg,5
139044.jpg,2
2518192.jpg,4
1391742.jpg,3
1212091.jpg,4
1281446.jpg,2
532974.jpg,1
2604946.jpg,2
2030974.jpg,5
2663191.jpg,1
3162478.jpg,5
941128.jpg,2
2553659.jpg,1
2694279.jpg,3
2587814.jpg,4
3490331.jpg,5
885848.jpg,1
724383.jpg,3
143583.jpg,2
356619.jpg,4
1887574.jpg,4
2147140.jpg,5
349456.jpg,1
2752297.jpg,5
217698.jpg,4
2437888.jpg,3
1578710.jpg,1
2956940.jpg,5
919508.jpg,4
2555804.jpg,1
2355446.jpg,5
3890499.jpg,2
483291.jpg,5
2084963.jpg,1
2202234.jpg,4
3589879.jpg,1
2502843.jpg,4
1877549.jpg,5
482070.jpg,5
466304.jpg,1
3780975.jpg,5
3829004.jpg,1
1666577.jpg,4
868601.jpg,5
50627.jpg,3
2481609.jpg,3
1062541.jpg,3
1284428.jpg,1
2447796.jpg,3
2945623.jpg,5
3748156.jpg,2
2731908.jpg,5
1758057.jpg,3
2047053.jpg,4
1461217.jpg,5
2764727.jpg,2
2881877.jpg,1
1147514.jpg,4
613574.jpg,3
2214366.jpg,1
3737603.jpg,2
833244.jpg,2
800666.jpg,3
33502.jpg,5
792439.jpg,4
728710.jpg,4
2278334.jpg,3
1284897.jpg,3
3362159.jpg,5
924529.jpg,2
867502.jpg,1
1823708.jpg,3
1198496.jpg,5
2006268.jpg,2
1622817.jpg,2
907414.jpg,5
941312.jpg,3
137352.jpg,5
1725022.jpg,5
1878082.jpg,1
3769622.jpg,3
160194.jpg,2
1029051.jpg,3
2093250.jpg,4
2591611.jpg,2
131649.jpg,5
2379083.jpg,3
2477191.jpg,1
925163.jpg,4
295863.jpg,3
801869.jpg,1
269885.jpg,2
2373323.jpg,1
2433084.jpg,3
2523928.jpg,1
1309896.jpg,4
3142180.jpg,2
266627.jpg,4
862581.jpg,3
976284.jpg,2
1067270.jpg,3
1420999.jpg,1
7307.jpg,5
3270291.jpg,3
558342.jpg,3
878644.jpg,4
2130114.jpg,2
759979.jpg,2
2125731.jpg,4
2629959.jpg,1
77161.jpg,5
2203767.jpg,2
1167170.jpg,1
3846468.jpg,5
1851892.jpg,2
537438.jpg,5
984068.jpg,4
3829485.jpg,5
2549446.jpg,4
976175.jpg,5
440497.jpg,1
1839171.jpg,5
3453570.jpg,5
1894239.jpg,1
1907138.jpg,1
3655808.jpg,3
2294985.jpg,4
3085734.jpg,3
28613.jpg,3
3052734.jpg,2
2566460.jpg,1
2272205.jpg,2
283209.jpg,1
1942524.jpg,2
1743614.jpg,5
2043824.jpg,4
3728219.jpg,5
668694.jpg,1
495046.jpg,1
1793347.jpg,2
2185492.jpg,5
1150028.jpg,2
3380363.jpg,2
3669911.jpg,3
2038171.jpg,1
3828218.jpg,2
2320542.jpg,2
132214.jpg,4
1873449.jpg,2
688983.jpg,1
1113017.jpg,1
3676725.jpg,1
2737512.jpg,1
245298.jpg,4
1407028.jpg,5
2968812.jpg,1
2062438.jpg,1
1864287.jpg,4
3645013.jpg,3
1598003.jpg,4
150760.jpg,4
223404.jpg,4
1847621.jpg,1
3253793.jpg,1
360664.jpg,2
2816200.jpg,2
736982.jpg,2
981895.jpg,1
3016568.jpg,5
104446.jpg,3
1215782.jpg,4
498896.jpg,4
1561965.jpg,5
1196728.jpg,3
700519.jpg,5
546242.jpg,2
54203.jpg,2
2535555.jpg,4
101251.jpg,1
788.jpg,3
3368791.jpg,3
3824491.jpg,2
393577.jpg,5
3117752.jpg,3
1285825.jpg,2
1950230.jpg,5
1674492.jpg,1
791096.jpg,5
1445987.jpg,5
3660437.jpg,2
3001395.jpg,5
963140.jpg,1
2053235.jpg,2
1241477.jpg,3
3825794.jpg,1
1211064.jpg,2
1183551.jpg,2
305590.jpg,1
2269439.jpg,4
2420375.jpg,4
1881388.jpg,3
3367846.jpg,2
2250170.jpg,5
1283655.jpg,4
1573043.jpg,2
1526484.jpg,1
343124.jpg,3
1398774.jpg,1
461467.jpg,3
812907.jpg,5
2171197.jpg,3
100853.jpg,4
2265986.jpg,4
1422496.jpg,4
910559.jpg,3
1672341.jpg,4
87031.jpg,2
1617793.jpg,1
1978059.jpg,5
993668.jpg,3
332407.jpg,3
908367.jpg,1
3516733.jpg,2
2539615.jpg,3
2132277.jpg,2
1617515.jpg,1
155221.jpg,3
217279.jpg,5
2977633.jpg,2
262170.jpg,5
1685187.jpg,5
2148215.jpg,1
1885421.jpg,3
3517723.jpg,1
2134746.jpg,2
2740626.jpg,2
2152088.jpg,4
259203.jpg,4
1645760.jpg,4
3170846.jpg,5
416233.jpg,1
2074058.jpg,5
246113.jpg,1
130220.jpg,1
2155995.jpg,4
1636003.jpg,4
466766.jpg,4
314812.jpg,2
2175701.jpg,1
1995804.jpg,4
143372.jpg,3
829830.jpg,1
1662207.jpg,4
971742.jpg,3
1737830.jpg,4
3322087.jpg,5
2923655.jpg,5
1392219.jpg,3
758596.jpg,3
310170.jpg,5
1795930.jpg,3
372148.jpg,4
1347489.jpg,2
285000.jpg,3
1469191.jpg,1
1698180.jpg,2
543585.jpg,2
722179.jpg,3
3124550.jpg,3
723452.jpg,5
3800561.jpg,1
2853815.jpg,5
1185016.jpg,2
2313622.jpg,5
286189.jpg,2
1329841.jpg,2
3284039.jpg,5
2454123.jpg,2
2206034.jpg,1
1899005.jpg,1
2501787.jpg,1
499131.jpg,4
280007.jpg,1
2254489.jpg,1
3790886.jpg,5
560757.jpg,5
3621492.jpg,2
1341719.jpg,2
3722435.jpg,5
824318.jpg,2
175848.jpg,1
2348457.jpg,2
112142.jpg,2
727825.jpg,1
3521500.jpg,1
1106961.jpg,1
2264670.jpg,5
840044.jpg,3
652322.jpg,4
3809728.jpg,1
2528528.jpg,5
776057.jpg,4
1075871.jpg,3
652170.jpg,2
490206.jpg,3
2465433.jpg,3
1189532.jpg,4
2662831.jpg,3
2561385.jpg,5
72326.jpg,3
2774675.jpg,5
298930.jpg,4
262281.jpg,4
2791334.jpg,1
2189077.jpg,2
3348957.jpg,2
1350256.jpg,4
1461580.jpg,1
1410854.jpg,4
1661531.jpg,4
3743431.jpg,5
1138123.jpg,3
915852.jpg,2
1765131.jpg,4
3578527.jpg,3
3275788.jpg,1
1363613.jpg,1
1636617.jpg,2
1487998.jpg,4
1344628.jpg,4
930650.jpg,3
403084.jpg,1
734297.jpg,3
101073.jpg,5
1429866.jpg,1
1169625.jpg,4
1395662.jpg,2
2656316.jpg,5
2298516.jpg,4
2352033.jpg,2
2546811.jpg,3
649840.jpg,2
1736023.jpg,4
994232.jpg,2
2669146.jpg,1
2374859.jpg,3
1488494.jpg,4
3440392.jpg,2
1525582.jpg,4
861244.jpg,1
3782956.jpg,5
50036.jpg,5
940134.jpg,3
2331746.jpg,2
826914.jpg,4
525546.jpg,5
120576.jpg,2
2426755.jpg,5
1326926.jpg,3
890847.jpg,3
2924742.jpg,3
2326074.jpg,2
3222671.jpg,2
1391584.jpg,4
312370.jpg,2
2079924.jpg,2
1364847.jpg,1
2021214.jpg,5
704086.jpg,3
1327259.jpg,1
2248323.jpg,5
884504.jpg,1
838353.jpg,5
3609465.jpg,5
2610524.jpg,1
2522462.jpg,4
1208771.jpg,5
2038979.jpg,5
3708762.jpg,1
2921620.jpg,5
683016.jpg,5
3278527.jpg,1
107830.jpg,3
2580153.jpg,5
1744946.jpg,4
183970.jpg,5
1307126.jpg,4
455977.jpg,1
1394367.jpg,2
2496124.jpg,1
3037459.jpg,2
934716.jpg,2
1449190.jpg,4
2945592.jpg,1
743316.jpg,4
1953277.jpg,5
941715.jpg,2
3311502.jpg,3
406682.jpg,1
2527037.jpg,4
2662677.jpg,2
2189388.jpg,1
473273.jpg,3
2082170.jpg,4
742212.jpg,5
578209.jpg,5
1835611.jpg,5
2766011.jpg,1
625990.jpg,4
420455.jpg,5
1030025.jpg,5
3092055.jpg,5
1047447.jpg,1
993482.jpg,4
3044167.jpg,3
1180600.jpg,1
1726589.jpg,5
6789.jpg,3
646264.jpg,1
1762550.jpg,1
3365558.jpg,3
3482045.jpg,3
263713.jpg,4
2402925.jpg,1
1375404.jpg,1
2709715.jpg,2
2517059.jpg,1
1073326.jpg,4
2754101.jpg,1
1811267.jpg,2
129478.jpg,3
567973.jpg,3
2897079.jpg,2
3466310.jpg,1
1022479.jpg,2
250066.jpg,1
2535607.jpg,2
145114.jpg,5
1448425.jpg,3
484148.jpg,4
1856680.jpg,4
1526543.jpg,5
2206649.jpg,1
3508625.jpg,5
2023403.jpg,2
948352.jpg,5
668551.jpg,2
224383.jpg,1
3639398.jpg,1
1506570.jpg,5
381199.jpg,2
